{
  "tag": "fused",
  "model": "xgb",
  "pca": 50,
  "n_features": 6400,
  "n_train": 608,
  "n_test": 150,
  "train": {
    "R2": 0.8252520922284414,
    "Pearson": 0.9363852027830692,
    "Spearman": 0.9406272633837275,
    "MAE": 0.47336082930376405
  },
  "groupcv": {
    "R2": 0.11399436028289534,
    "Pearson": 0.36581062113392415,
    "Spearman": 0.33404479989386127,
    "MAE": 1.0864435064959292
  },
  "test": {
    "R2": 0.16373448643169686,
    "Pearson": 0.40522797310130804,
    "Spearman": 0.4132122308098654,
    "MAE": 1.0840520434793597
  }
}