{
  "tag": "interface_plus_struct",
  "model": "xgb",
  "pca": 50,
  "n_features": 2573,
  "n_train": 608,
  "n_test": 150,
  "train": {
    "R2": 0.8283834304550197,
    "Pearson": 0.9396561215867062,
    "Spearman": 0.9396221044980103,
    "MAE": 0.4617320866969302
  },
  "groupcv": {
    "R2": 0.1012341192785865,
    "Pearson": 0.35523996346710396,
    "Spearman": 0.3268853118886891,
    "MAE": 1.106300266058262
  },
  "test": {
    "R2": 0.028717005838696186,
    "Pearson": 0.24997275768826602,
    "Spearman": 0.2658827632841753,
    "MAE": 1.1803601252600338
  }
}