{
  "tag": "interface_only",
  "model": "xgb",
  "pca": 50,
  "n_features": 2560,
  "n_train": 608,
  "n_test": 150,
  "train": {
    "R2": 0.8209080699767659,
    "Pearson": 0.9361472114577638,
    "Spearman": 0.9376362366179987,
    "MAE": 0.47142272204627167
  },
  "groupcv": {
    "R2": 0.132894601425407,
    "Pearson": 0.38727376265031904,
    "Spearman": 0.3521887510049018,
    "MAE": 1.0853672814497244
  },
  "test": {
    "R2": 0.014249774447889663,
    "Pearson": 0.2427249270461799,
    "Spearman": 0.2513054797953012,
    "MAE": 1.1944965372226861
  }
}