{
  "tag": "mean_plus_struct",
  "model": "xgb",
  "pca": 50,
  "n_features": 3853,
  "n_train": 608,
  "n_test": 150,
  "train": {
    "R2": 0.8316996089647248,
    "Pearson": 0.9392711992287187,
    "Spearman": 0.9402294330127475,
    "MAE": 0.46398961621024826
  },
  "groupcv": {
    "R2": 0.1455792411266984,
    "Pearson": 0.40233025264714817,
    "Spearman": 0.3585943313715206,
    "MAE": 1.0633219045768183
  },
  "test": {
    "R2": 0.12991067766458897,
    "Pearson": 0.37115195612729796,
    "Spearman": 0.37465840528450944,
    "MAE": 1.11754702470318
  }
}