{
  "tag": "mean_pooled",
  "model": "xgb",
  "pca": 50,
  "n_features": 3840,
  "n_train": 608,
  "n_test": 150,
  "train": {
    "R2": 0.8291912729326638,
    "Pearson": 0.9385596722894621,
    "Spearman": 0.9387849477060382,
    "MAE": 0.4735797314091453
  },
  "groupcv": {
    "R2": 0.1423229368426201,
    "Pearson": 0.4017827491466135,
    "Spearman": 0.3732603417570905,
    "MAE": 1.0622831364824459
  },
  "test": {
    "R2": 0.14478240402817677,
    "Pearson": 0.3853859440576961,
    "Spearman": 0.39305856361657077,
    "MAE": 1.0843645684546983
  }
}