{
  "tag": "struct_only",
  "model": "xgb",
  "pca": 0,
  "n_features": 13,
  "n_train": 608,
  "n_test": 150,
  "train": {
    "R2": 0.6226997296811976,
    "Pearson": 0.8340973199562867,
    "Spearman": 0.8319176438979319,
    "MAE": 0.7058084203662178
  },
  "groupcv": {
    "R2": 0.11485091766049516,
    "Pearson": 0.37100588935171497,
    "Spearman": 0.3666016223693009,
    "MAE": 1.0927084571458663
  },
  "test": {
    "R2": -0.03799017525692361,
    "Pearson": 0.16265414571315093,
    "Spearman": 0.16714034413666903,
    "MAE": 1.2574661693592406
  }
}